Product_ID,MSE
A1,13.169845634252056
B1,4.807982044471697
C1,5.516625218662078
